,Volt_abajo_Peltier,Volt_arriba_Peltier,err_Volt_abajo_Peltier,err_Volt_arriba_Peltier,tiempos,T1,T2,voltajes_posta
0,0.000932894,0.000995849,1.01865788e-07,1.0199169800000001e-07,1.1080174446105957,297.8808366034889,296.32039562576244,0.0200508
1,0.000932426,0.000994529,1.01864852e-07,1.0198905800000001e-07,2.2794220447540283,297.8481411015747,296.30878721724486,0.019637
2,0.00093201,0.00099259,1.0186402e-07,1.0198518000000001e-07,3.4643380641937256,297.80011160861187,296.2984685300675,0.0192534
3,0.000931937,0.000991102,1.0186387400000001e-07,1.0198220400000002e-07,4.632310152053833,297.76325205572454,296.2966577890208,0.0188612
4,0.0009315,0.000988996,1.0186300000000002e-07,1.0197799200000001e-07,5.8113179206848145,297.7110817653676,296.2858180857133,0.0184935
5,0.000931073,0.000987654,1.01862146e-07,1.01975308e-07,6.982584476470947,297.67783614593964,296.27522632841385,0.0181244
6,0.000931135,0.000985705,1.0186227000000002e-07,1.0197141000000001e-07,8.155560970306396,297.6295513950351,296.27676424791537,0.0177378
7,0.000930521,0.000983997,1.0186104200000001e-07,1.0196799400000001e-07,9.3244047164917,297.58723544814995,296.26153379002164,0.0173986
8,0.000930344,0.000982393,1.0186068800000001e-07,1.01964786e-07,10.493422031402588,297.54749462195565,296.2571432121131,0.017039
9,0.000929845,0.000980685,1.0185969e-07,1.0196137e-07,11.662169218063354,297.50517549330937,296.2447651618516,0.0166988
10,0.000929564,0.000979868,1.0185912800000001e-07,1.0195973600000002e-07,12.84133529663086,297.48493209844776,296.2377946961574,0.0163624
11,0.000929616,0.000977751,1.0185923200000001e-07,1.0195550200000001e-07,14.012053728103638,297.4324759263341,296.2390846076939,0.0160442
12,0.000929022,0.000976535,1.0185804400000001e-07,1.0195307000000002e-07,15.18264126777649,297.40234408178065,296.22434975993696,0.0157235
13,0.000928793,0.000975152,1.0185758600000002e-07,1.0195030400000001e-07,16.34984517097473,297.36807305547086,296.21866910152073,0.0154214
14,0.000928616,0.000973675,1.01857232e-07,1.0194735000000002e-07,17.523146390914917,297.3314715043213,296.2142783544002,0.0151074
15,0.000927971,0.000972386,1.0185594200000001e-07,1.0194477200000001e-07,18.690719604492188,297.29952778285985,296.19827802761154,0.0148301
16,0.000927971,0.000971453,1.0185594200000001e-07,1.01942906e-07,19.857337713241577,297.2764057956972,296.19827802761154,0.014523
17,0.000927503,0.000970279,1.01855006e-07,1.0194055800000001e-07,21.031991243362427,297.2473105546715,296.1866683441656,0.0142509
18,0.000927295,0.000968414,1.0185459e-07,1.01936828e-07,22.20144534111023,297.20108867303327,296.1815084459885,0.0139781
19,0.000926951,0.000967387,1.0185390200000002e-07,1.01934774e-07,23.369125366210938,297.17563482637894,296.1729747157507,0.0137085
20,0.000926712,0.00096636,1.0185342400000001e-07,1.0193272000000001e-07,24.542664051055908,297.15018038907414,296.1670457193159,0.0134316
21,0.000926014,0.000965102,1.01852028e-07,1.0193020400000001e-07,25.711509704589844,297.118999757655,296.1497298921009,0.0131756
22,0.000925754,0.00096351,1.0185150800000002e-07,1.0192702e-07,26.880670070648193,297.0795393742751,296.14327980168514,0.0129319
23,0.000925525,0.000962315,1.0185105e-07,1.0192463000000002e-07,28.051315546035767,297.0499183685549,296.13759872957735,0.0126868
24,0.00092565,0.000961246,1.018513e-07,1.0192249200000002e-07,29.22139286994934,297.02341990518516,296.14069975506135,0.0124484
25,0.000925015,0.000959926,1.0185003000000002e-07,1.0191985200000001e-07,30.396951913833618,296.99069875100236,296.12494645615266,0.0121944
26,0.000924911,0.000958448,1.01849822e-07,1.01916896e-07,31.569836378097534,296.95405981846056,296.12236636707314,0.0119555
27,0.000924609,0.000957494,1.0184921800000001e-07,1.0191498800000002e-07,32.74992299079895,296.9304099542411,296.1148741514634,0.0117335
28,0.00092413,0.000956237,1.0184826e-07,1.0191247400000002e-07,33.93312907218933,296.8992478792857,296.10299069956625,0.0115028
29,0.000924078,0.000955912,1.01848156e-07,1.01911824e-07,35.11763954162598,296.8911907156127,296.1017006303588,0.0112815
30,0.000923506,0.000954319,1.01847012e-07,1.0190863800000001e-07,36.30995178222656,296.8516973655123,296.0875097705444,0.0110795
31,0.000923308,0.000953187,1.0184661600000001e-07,1.0190637400000002e-07,37.5001335144043,296.82363217851025,296.0825975077556,0.0108595
32,0.000922871,0.000951762,1.0184574200000001e-07,1.01903524e-07,38.740458250045776,296.78830175321707,296.0717557198628,0.0106416
33,0.000922559,0.000951112,1.01845118e-07,1.0190222400000001e-07,39.941630840301514,296.7721857447256,296.0640150653916,0.0104362
34,0.000922028,0.000950379,1.01844056e-07,1.01900758e-07,41.13793683052063,296.75401156347,296.05084094340714,0.0102453
35,0.000921809,0.000949268,1.0184361800000001e-07,1.0189853600000002e-07,42.33013582229614,296.7264645871177,296.0454075031511,0.0100477
36,0.000921445,0.000948178,1.0184289000000002e-07,1.01896356e-07,43.52188539505005,296.6994376326347,296.03637652108335,0.0098474
37,0.000921247,0.000947099,1.01842494e-07,1.01894198e-07,44.72477173805237,296.6726827757657,296.0314640331129,0.0096674
38,0.000920623,0.000946585,1.0184124600000001e-07,1.0189317e-07,45.929667472839355,296.65993741683127,296.01598211138923,0.0094746
39,0.000920727,0.000945003,1.0184145400000001e-07,1.0189000600000002e-07,47.131813764572144,296.62070856086655,296.0185624465892,0.0093085
40,0.000920467,0.000944552,1.01840934e-07,1.01889104e-07,48.33031702041626,296.60952485831126,296.01211159740586,0.0091338
41,0.000919863,0.000943546,1.01839726e-07,1.0188709200000001e-07,49.53911638259888,296.58457809876637,295.9971256346584,0.0089554
42,0.000919665,0.000943305,1.0183933000000001e-07,1.0188661e-07,50.75441312789917,296.5786017040466,295.99221297395707,0.0087919
43,0.000919061,0.000942278,1.01838122e-07,1.01884556e-07,51.974003076553345,296.5531334692237,295.9772267441655,0.0086318
44,0.000919353,0.00094167,1.01838706e-07,1.0188334e-07,53.19650483131409,296.5380556012346,295.9844717677821,0.0084541
45,0.000918718,0.00094035,1.0183743600000001e-07,1.0188070000000001e-07,54.418224573135376,296.50532004939726,295.968716262569,0.0082845
46,0.000918478,0.000939858,1.0183695600000001e-07,1.01879716e-07,55.63452649116516,296.4931183688919,295.9627613680883,0.008118
47,0.000918104,0.000939292,1.0183620800000001e-07,1.0187858400000001e-07,56.84883975982666,296.4790813100428,295.95348159425725,0.0079638
48,0.00091801,0.000937835,1.0183602e-07,1.0187567e-07,58.06991720199585,296.442946225712,295.9511492325658,0.0078126
49,0.000917635,0.000937122,1.0183527000000001e-07,1.01874244e-07,59.29838681221008,296.4252626700842,295.941844549714,0.00767
50,0.000917521,0.000936368,1.01835042e-07,1.0187273600000001e-07,60.52902841567993,296.4065619412274,295.93901591077287,0.0075059
51,0.000917063,0.000936064,1.01834126e-07,1.01872128e-07,61.75943183898926,296.3990220356332,295.92765165761654,0.0073711
52,0.000916876,0.000935519,1.0183375200000001e-07,1.01871038e-07,62.99697256088257,296.3855046423902,295.9230116345769,0.0072266
53,0.000916636,0.000934607,1.0183327200000002e-07,1.01869214e-07,64.2329957485199,296.36288434262906,295.9170564965763,0.007089
54,0.000916209,0.000933549,1.0183241800000002e-07,1.01867098e-07,65.47173810005188,296.33664223311484,295.9064612351395,0.0069553
55,0.000915897,0.000932595,1.01831794e-07,1.0186519000000001e-07,66.70944547653198,296.31297915653585,295.89871943497536,0.006819
56,0.000915804,0.000932071,1.0183160800000002e-07,1.0186414200000002e-07,67.94659447669983,296.2999816127887,295.8964117726362,0.0066928
57,0.000915366,0.000931642,1.01830732e-07,1.01863284e-07,69.19738841056824,296.28934038076414,295.8855433634158,0.0065677
58,0.000915148,0.000931086,1.0183029600000001e-07,1.01862172e-07,70.4398250579834,296.2755487955824,295.8801339331706,0.0064362
59,0.000914794,0.000930258,1.0182958800000001e-07,1.01860516e-07,71.69038772583008,296.2550099307127,295.87134975678083,0.0063063
60,0.0009147,0.000929839,1.0182940000000001e-07,1.0185967800000001e-07,72.94939589500427,296.24461632674166,295.86901722378013,0.0061847
61,0.000914263,0.000929095,1.01828526e-07,1.0185819e-07,74.19923830032349,296.22616061874976,295.85817336290796,0.0060637
62,0.000914055,0.0009281,1.0182811e-07,1.018562e-07,75.45839762687683,296.20147811137343,295.85301194600027,0.0059437
63,0.000913711,0.000927356,1.0182742200000001e-07,1.0185471200000002e-07,76.73166608810425,296.1830216878364,295.8444757042715,0.0058171
64,0.000913815,0.000926811,1.0182763000000001e-07,1.01853622e-07,77.99130392074585,296.169501667276,295.8470564353798,0.0057077
65,0.000913274,0.00092614,1.01826548e-07,1.0185228e-07,79.26603102684021,296.15285569171203,295.83363160565756,0.0056095
66,0.000913305,0.000925364,1.0182661000000002e-07,1.0185072800000001e-07,80.52934694290161,296.13360459603524,295.83440087011866,0.0054998
67,0.000912598,0.000925218,1.0182519600000001e-07,1.0185043600000001e-07,81.80707740783691,296.12998257435595,295.8168565460068,0.0054015
68,0.000912504,0.000924421,1.01825008e-07,1.0184884200000001e-07,83.07989048957825,296.1102100977656,295.81452389947054,0.0052976
69,0.000912067,0.000924023,1.0182413400000001e-07,1.01848046e-07,84.35524225234985,296.10033613245713,295.8036795108326,0.0051957
70,0.000912036,0.000922975,1.0182407200000002e-07,1.0184595e-07,85.6337776184082,296.07433592608135,295.8029102252711,0.0050767
71,0.000911588,0.000922001,1.01823176e-07,1.01844002e-07,86.91308689117432,296.0501710686413,295.79179274915083,0.0049855
72,0.000911203,0.000922137,1.0182240600000001e-07,1.0184427400000001e-07,88.1903281211853,296.0535452485577,295.78223857998336,0.0048876
73,0.000911297,0.000921403,1.01822594e-07,1.0184280600000002e-07,89.46940684318542,296.0353344799877,295.78457129373766,0.0047955
74,0.000910807,0.000921257,1.01821614e-07,1.01842514e-07,90.74811720848083,296.0317121390845,295.77241134958126,0.0047023
75,0.000910454,0.000963876,1.01820908e-07,1.0192775200000001e-07,92.03615283966064,297.0886114221075,295.7636511447983,0.0046034
76,0.000910037,0.000917442,1.0182007400000001e-07,1.01834884e-07,93.42925453186035,295.9370557094127,295.7533025993977,0.0044923
77,0.000909871,0.000916059,1.0181974200000001e-07,1.0183211800000001e-07,94.83246040344238,295.90273922251856,295.7491830079836,0.0043952
78,0.000909756,0.000916111,1.0181951200000001e-07,1.01832222e-07,96.2421669960022,295.90402952162987,295.74632906529877,0.0043007
79,0.000909402,0.000914508,1.0181880400000001e-07,1.0182901600000001e-07,97.64170956611633,295.86425288594825,295.7375438396198,0.0042063
80,0.000909111,0.000914089,1.0181822200000002e-07,1.0182817800000001e-07,99.05823945999146,295.8538556407758,295.7303220347742,0.0041166
81,0.000909028,0.000913481,1.0181805600000001e-07,1.0182696200000001e-07,100.48302984237671,295.83876829704064,295.7282621987533,0.0040416
82,0.000908736,0.000912485,1.0181747200000001e-07,1.0182497000000001e-07,101.8940544128418,295.8140524064954,295.72101551666924,0.00395
83,0.000908216,0.000912003,1.01816432e-07,1.0182400600000001e-07,103.32523488998413,295.80209130780275,295.70811035048797,0.0038681
84,0.000908008,0.000911699,1.0181601600000002e-07,1.01823398e-07,104.75653672218323,295.7945473126658,295.7029482424587,0.0037771
85,0.000907456,0.000910704,1.0181491200000001e-07,1.0182140800000001e-07,106.18214249610901,295.7698552629077,295.6892486868062,0.0036964
86,0.000907425,0.000910295,1.0181485000000001e-07,1.0182059000000002e-07,107.62277507781982,295.7597053078187,295.6884793227439,0.0036175
87,0.000907185,0.000909876,1.0181437e-07,1.0181975200000002e-07,109.0786645412445,295.74930709228346,295.6825229379674,0.0035507
88,0.000906831,0.000909184,1.01813662e-07,1.01818368e-07,110.54138135910034,295.7321336946542,295.6737372127406,0.003455
89,0.000906686,0.000908147,1.0181337200000001e-07,1.01816294e-07,112.01811385154724,295.70639792305263,295.6701385201322,0.0033795
90,0.000906509,0.000908639,1.0181301800000001e-07,1.0181727800000001e-07,113.4700984954834,295.7186082180854,295.66574561766174,0.0032957
91,0.000906269,0.000908136,1.0181253800000002e-07,1.0181627200000001e-07,114.92789387702942,295.7061249271329,295.65978911228956,0.0032179
92,0.000905926,0.000907738,1.01811852e-07,1.0181547600000001e-07,116.41377234458923,295.69624739373717,295.6512762185275,0.0031437
93,0.000905489,0.000907392,1.0181097800000001e-07,1.01814784e-07,117.8867416381836,295.68766032171106,295.64043025167786,0.0030492
94,0.00090553,0.000906868,1.0181106000000002e-07,1.0181373600000001e-07,119.34893655776978,295.67465549797305,295.6414478411195,0.0029796
95,0.000905457,0.000906019,1.0181091400000002e-07,1.0181203800000002e-07,120.82911515235901,295.6535843856019,295.6396360348879,0.0029019
96,0.000905135,0.000905391,1.0181027e-07,1.0181078200000001e-07,122.30813694000244,295.63799796098573,295.6316441971932,0.0028219
97,0.000905187,0.000904909,1.01810374e-07,1.0180981800000001e-07,123.79741621017456,295.6260349852375,295.6329348083713,0.0027345
98,0.00090475,0.000904751,1.0180950000000001e-07,1.0180950200000002e-07,125.28479290008545,295.6221134841442,295.62208866447344,0.0026356
99,0.000904479,0.000904416,1.01808958e-07,1.0180883200000001e-07,126.84971928596497,295.6137988637814,295.61536251350066,0.0025691
100,0.000904354,0.000903609,1.0180870800000001e-07,1.01807218e-07,128.42187237739563,295.5937690631082,295.6122600317754,0.0024768
101,0.000904167,0.000902865,1.0180833400000001e-07,1.0180573000000002e-07,130.00932097434998,295.5753026110716,295.6076187031277,0.0023918
102,0.000904396,0.000902991,1.01808792e-07,1.0180598200000002e-07,131.58709955215454,295.5784300154041,295.6133024665903,0.0023288
103,0.000904292,0.000902697,1.0180858400000001e-07,1.0180539400000002e-07,133.18998312950134,295.5711327251024,295.6107211976628,0.0022398
104,0.000903969,0.000902226,1.0180793800000001e-07,1.0180445200000001e-07,134.77961325645447,295.55944206952876,295.6027043342617,0.002166
105,0.000903834,0.000901702,1.0180766800000001e-07,1.0180340400000001e-07,136.3768310546875,295.54643576220155,295.59935361590027,0.0020723
106,0.000903553,0.000901241,1.0180710600000001e-07,1.01802482e-07,138.09261322021484,295.53499306600503,295.5923791256582,0.0019997
107,0.000903324,0.000900958,1.01806648e-07,1.0180191600000001e-07,139.70089030265808,295.52796853327715,295.5866952564231,0.0019356
108,0.000902949,0.000900224,1.0180589800000002e-07,1.0180044800000001e-07,141.29979133605957,295.50974922294097,295.5773875482594,0.0018693
109,0.00090297,0.000899763,1.0180594000000001e-07,1.0179952600000001e-07,142.9179561138153,295.49830615389124,295.57790878195243,0.0018106
110,0.000902501,0.000898935,1.01805002e-07,1.0179787000000001e-07,144.5480558872223,295.47775301780547,295.5662678386027,0.0017471
111,0.000902449,0.000899061,1.0180489800000002e-07,1.0179812200000002e-07,146.17972040176392,295.4808806931358,295.56497715089813,0.0017165
112,0.000902293,0.000898202,1.0180458600000001e-07,1.01796404e-07,147.81835842132568,295.459557718548,295.5611050789006,0.0016589
113,0.000901971,0.000897856,1.01803942e-07,1.0179571200000001e-07,149.44915175437927,295.4509688394971,295.5531126830232,0.0015892
114,0.000902106,0.000897164,1.01804212e-07,1.0179432800000002e-07,151.0763680934906,295.4337908851024,295.5564635391376,0.0015605
115,0.000901461,0.000896745,1.0180292200000001e-07,1.0179349e-07,152.71068120002747,295.42338965547117,295.54045380321304,0.0015097
116,0.000901471,0.000896787,1.0180294200000002e-07,1.0179357400000002e-07,154.383953332901,295.42443226515337,295.54070201791114,0.0014502
117,0.000901117,0.000896211,1.01802234e-07,1.0179242200000001e-07,156.04663681983948,295.4101335340655,295.5319151842686,0.0014117
118,0.000900919,0.00089664,1.0180183800000001e-07,1.0179328000000001e-07,157.69790148735046,295.4207831270488,295.52700048469444,0.0013625
119,0.000900565,0.000895697,1.0180113000000002e-07,1.01791394e-07,159.35062718391418,295.3973737494941,295.51821354410833,0.0013242
120,0.00090043,0.000896012,1.0180086000000001e-07,1.0179202400000001e-07,161.02289867401123,295.4051934789466,295.5148625741281,0.0012898
121,0.000900336,0.000895079,1.01800672e-07,1.01790158e-07,162.67846369743347,295.38203202761474,295.51252930025277,0.0012413
122,0.000900003,0.000894796,1.0180000600000001e-07,1.0178959200000002e-07,164.37493014335632,295.37500654167764,295.50426351454223,0.0012086
123,0.000899764,0.000894303,1.0179952800000001e-07,1.01788606e-07,165.7796654701233,295.36276769320835,295.4983309762927,0.0011562
124,0.000899847,0.000894565,1.0179969400000001e-07,1.0178913000000001e-07,167.18123245239258,295.3692719253423,295.5003912337032,0.0011207
125,0.000899858,0.000893979,1.0179971600000001e-07,1.01787958e-07,168.59419751167297,295.3547242398272,295.5006642795833,0.0010636
126,0.000899493,0.000893664,1.0179898600000001e-07,1.01787328e-07,170.002183675766,295.34690416078587,295.49160408549784,0.0010333
127,0.000899244,0.000893276,1.01798488e-07,1.0178655200000001e-07,171.41182661056519,295.3372717350459,295.4854232537493,0.0009846
128,0.000899296,0.000893161,1.0179859200000001e-07,1.01786322e-07,172.8299858570099,295.3344167477202,295.4867140326587,0.0009255
129,0.000899119,0.00089313,1.0179823800000001e-07,1.0178626e-07,174.2492344379425,295.3336471412065,295.48232041378253,0.0008876
130,0.00089915,0.000892941,1.0179830000000001e-07,1.0178588200000002e-07,175.66740727424622,295.3289550127345,295.48308991889115,0.0008629
131,0.000898838,0.000892595,1.0179767600000001e-07,1.0178519000000001e-07,177.088782787323,295.3203651397565,295.47534519834335,0.0008238
132,0.000898609,0.000891946,1.01797218e-07,1.01783892e-07,178.51359295845032,295.30425274528255,295.4696607381725,0.0007815
133,0.000898536,0.000892291,1.01797072e-07,1.0178458200000001e-07,179.937992811203,295.31281791423845,295.46784865532237,0.0007704
134,0.000898577,0.00089183,1.0179715400000001e-07,1.0178366e-07,181.3700008392334,295.30137284780835,295.4688664008434,0.000734
135,0.000898421,0.00089227,1.0179684200000002e-07,1.0178454000000001e-07,182.80068182945251,295.31229655798313,295.4649939983473,0.0007011
136,0.000898244,0.000891516,1.01796488e-07,1.01783032e-07,184.2498300075531,295.2935772264602,295.4606002947881,0.0006636
137,0.000898067,0.000891453,1.01796134e-07,1.0178290600000001e-07,185.68100094795227,295.29201313035264,295.45620657410245,0.0006337
138,0.00089789,0.000891065,1.0179578000000002e-07,1.0178213000000001e-07,187.1205484867096,295.28238023679154,295.45181283629154,0.0006119
139,0.000897776,0.00089074,1.01795552e-07,1.0178148000000001e-07,188.5614674091339,295.2743113839326,295.4489829621945,0.000584
140,0.000897849,0.000890531,1.0179569800000001e-07,1.0178106200000002e-07,190.01571440696716,295.26912246045265,295.45079507537287,0.0005399
141,0.000897682,0.000889881,1.0179536400000002e-07,1.0177976200000001e-07,191.45072197914124,295.25298450804127,295.44664955189415,0.0005185
142,0.000897443,0.000889913,1.0179488600000002e-07,1.01779826e-07,192.89793920516968,295.25377899723935,295.4407167103396,0.0004651
143,0.000897589,0.000890049,1.01795178e-07,1.01780098e-07,194.36033701896667,295.2571555701077,295.4443409603552,0.0004366
144,0.000897287,0.000889504,1.01794574e-07,1.01779008e-07,195.8179919719696,295.2436243901796,295.4368442111485,0.0004147
145,0.00089712,0.000889808,1.0179424e-07,1.0177961600000001e-07,197.2728967666626,295.25117207747036,295.4326986363791,0.0003832
146,0.000897256,0.000889263,1.0179451200000001e-07,1.0177852600000002e-07,198.722647190094,295.23764082599786,295.436074674469,0.0003683
147,0.000896902,0.000888571,1.0179380400000001e-07,1.0177714200000001e-07,200.18433356285095,295.22045962773507,295.42728702482793,0.0003375
148,0.000896829,0.00088899,1.0179365800000002e-07,1.0177798000000001e-07,201.64392518997192,295.2308627254574,295.4254748738721,0.0003191
149,0.000896693,0.000888278,1.0179338600000001e-07,1.01776556e-07,203.10892057418823,295.21318485105644,295.42209880405284,0.0002928
150,0.000896204,0.000888225,1.0179240800000001e-07,1.0177645e-07,204.60127091407776,295.2118689308295,295.40995976364957,0.000283
151,0.0008961,0.000887775,1.017922e-07,1.0177555e-07,206.13857173919678,295.2006959616362,295.40737802860133,0.0002663
152,0.000895996,0.000887921,1.0179199200000001e-07,1.0177584200000001e-07,207.63153290748596,295.2043209814983,295.40479628764575,0.000249
153,0.000895757,0.000887272,1.0179151400000001e-07,1.0177454400000001e-07,209.10000109672546,295.1882069345117,295.3988632259486,0.0002359
154,0.000895767,0.00088724,1.01791534e-07,1.0177448000000002e-07,210.5744445323944,295.187412399301,295.3991114718331,0.0002114
155,0.000895715,0.000886832,1.0179143000000001e-07,1.0177366400000001e-07,212.0532305240631,295.177282026523,295.3978205926369,0.0002022
156,0.000895288,0.000887094,1.0179057600000001e-07,1.01774188e-07,213.54732656478882,295.18378732533085,295.3872204326229,0.0001933
157,0.000895413,0.000886695,1.01790826e-07,1.0177339000000002e-07,215.0302131175995,295.1738803859407,295.3903235342683,0.0001659
158,0.00089508,0.00088636,1.0179016000000001e-07,1.0177272e-07,216.52164483070374,295.1655624626763,295.38205685257583,0.0001673
159,0.000894914,0.000886004,1.0178982800000001e-07,1.0177200800000001e-07,218.02428197860718,295.156723050454,295.3779359015525,0.000153
160,0.000894737,0.000886046,1.01789474e-07,1.0177209200000001e-07,219.52140951156616,295.1577659060442,295.3735418588898,0.0001382
161,0.000894643,0.000885543,1.0178928600000002e-07,1.0177108600000001e-07,221.0094997882843,295.1452764058071,295.37120829255673,0.0001157
162,0.000894601,0.00088527,1.0178920200000002e-07,1.0177054e-07,222.51248788833618,295.13849775265396,295.37016563370014,0.0001021
163,0.000894258,0.000885312,1.01788516e-07,1.01770624e-07,224.013569355011,295.1395406250072,295.36165055033126,8.03e-05
164,0.000894362,0.000884977,1.0178872400000002e-07,1.0176995400000001e-07,225.5203230381012,295.13122244979326,295.3642323899727,5.55e-05
165,0.000894175,0.000884872,1.0178835000000001e-07,1.0176974400000002e-07,227.02092003822327,295.1286152479893,295.3595900394591,4.28e-05
166,0.000893956,0.000884526,1.01787912e-07,1.01769052e-07,228.54135918617249,295.1200238548726,295.35415325176126,5.3e-06
167,0.000893998,0.000885019,1.01787996e-07,1.0177003800000001e-07,230.04752779006958,295.1322653288367,295.355195925403,-1.96e-05
168,0.000894008,0.000883971,1.01788016e-07,1.01767942e-07,231.57008934020996,295.10624272713784,295.35544418089,-5.47e-05
169,0.000894268,0.000884097,1.0178853600000001e-07,1.01768194e-07,233.08048915863037,295.1093714302836,295.36189880439946,-9.12e-05
170,0.000894091,0.000884358,1.0178818200000001e-07,1.01768716e-07,234.61233568191528,295.1158522879273,295.35750469932674,-0.0001208
171,0.000893987,0.000884579,1.0178797400000001e-07,1.0176915800000001e-07,236.13933682441711,295.12133988173804,295.35492284430416,-0.0001557
172,0.000894039,0.000884013,1.01788078e-07,1.01768026e-07,237.669908285141,295.1072856291449,295.3562137725532,-0.0001851
173,0.000893862,0.000884526,1.0178772400000002e-07,1.01769052e-07,239.177344083786,295.1200238548726,295.3518196453609,-0.0002211
174,0.000893966,0.000883992,1.01787932e-07,1.0176798400000001e-07,240.7164285182953,295.10676417826124,295.3544015074776,-0.0002214
175,0.000893519,0.000883635,1.01787038e-07,1.0176727000000001e-07,242.2385811805725,295.09789947657634,295.343304423665,-0.0002503
176,0.000893696,0.000883583,1.0178739200000002e-07,1.0176716600000001e-07,243.79094195365906,295.09660825374664,295.3476985839846,-0.0002639
177,0.000893394,0.000882849,1.0178678800000001e-07,1.0176569800000002e-07,245.31792378425598,295.0783819901824,295.3402011928021,-0.0002574
178,0.000893071,0.000882933,1.0178614200000001e-07,1.0176586600000002e-07,246.86613130569458,295.08046784443786,295.33218240478084,-0.0002771
179,0.000893123,0.000882965,1.0178624600000001e-07,1.0176593000000001e-07,248.40565609931946,295.08126245457476,295.33347335901806,-0.0002726
180,0.000892915,0.00088243,1.0178583000000001e-07,1.0176486000000002e-07,249.95883297920227,295.06797749327546,295.328309533219,-0.00028
181,0.000892884,0.000882252,1.0178576800000001e-07,1.0176450400000001e-07,251.50960040092468,295.06355741561777,295.3275399225456,-0.0002725
182,0.000892759,0.000882032,1.0178551800000002e-07,1.01764064e-07,253.06810235977173,295.05809437451757,295.3244366483831,-0.0002926
183,0.000892509,0.000882221,1.0178501800000002e-07,1.0176444200000001e-07,254.62443017959595,295.0627876250532,295.3182300744918,-0.0003138
184,0.000892603,0.000881665,1.01785206e-07,1.0176333000000002e-07,256.16983103752136,295.04898097020464,295.32056375027366,-0.0003174
185,0.000892374,0.000881885,1.0178474800000001e-07,1.0176377e-07,257.72615027427673,295.05444405513765,295.31487851041766,-0.0003222
186,0.000892311,0.000881854,1.01784622e-07,1.0176370800000001e-07,259.3040153980255,295.0536742583964,295.31331444378174,-0.0003409
187,0.000892135,0.00088176,1.0178427000000001e-07,1.0176352e-07,260.8789517879486,295.05134003283064,295.3089449763143,-0.0003286
188,0.000891937,0.000881927,1.0178387400000001e-07,1.01763854e-07,262.42105650901794,295.0554870047289,295.3040293052238,-0.0003482
189,0.000891968,0.000881424,1.0178393600000001e-07,1.01762848e-07,263.99717140197754,295.04299637882895,295.3047989319069,-0.000347
190,0.000891895,0.000881078,1.0178379000000001e-07,1.0176215600000002e-07,265.56323504447937,295.03440433775364,295.3029865843658,-0.0003562
191,0.000891364,0.000881456,1.01782728e-07,1.0176291200000001e-07,267.1456997394562,295.0437910151835,295.2898035305771,-0.0003613
192,0.000891302,0.000881477,1.0178260400000001e-07,1.01762954e-07,268.6921966075897,295.0443124949892,295.28826425627165,-0.0003748
193,0.000891448,0.000880691,1.01782896e-07,1.0176138200000002e-07,270.2593228816986,295.0247940876732,295.2918889956483,-0.0003786
194,0.000891229,0.000881026,1.0178245800000001e-07,1.0176205200000001e-07,271.8338692188263,295.0331130427277,295.2864518822261,-0.0003929
195,0.000890865,0.000880775,1.0178173000000002e-07,1.0176155000000002e-07,273.41591477394104,295.0268800403324,295.2774147956907,-0.0003835
196,0.000890906,0.000880743,1.0178181200000001e-07,1.01761486e-07,275.0081102848053,295.02608539215174,295.27843271289277,-0.0003988
197,0.000890698,0.000880292,1.0178139600000001e-07,1.0176058400000001e-07,276.6121244430542,295.0148857602613,295.2732686356706,-0.000407
198,0.00089048,0.000879894,1.0178096e-07,1.0175978800000002e-07,278.22141098976135,295.0050021797103,295.26785626020114,-0.0004025
199,0.000890313,0.000879653,1.0178062600000001e-07,1.01759306e-07,279.7960343360901,294.99901735675746,295.2637100651454,-0.0004043
200,0.00089024,0.000879548,1.0178048000000001e-07,1.0175909600000001e-07,281.40976095199585,294.9964098514285,295.2618976517553,-0.00041
201,0.000890178,0.000879444,1.01780356e-07,1.0175888800000001e-07,283.02043199539185,294.99382717358964,295.26035833947253,-0.0004146
202,0.00089023,0.000879569,1.0178046e-07,1.01759138e-07,284.6210780143738,294.99693135297264,295.26164937572236,-0.000421
203,0.000890147,0.000879569,1.0178029400000001e-07,1.01759138e-07,286.21545338630676,294.99693135297264,295.2595886825458,-0.0004513
204,0.000890053,0.000879402,1.01780106e-07,1.0175880400000001e-07,287.83411979675293,294.9927841674153,295.25725488092195,-0.0004483
205,0.000889636,0.000879391,1.01779272e-07,1.0175878200000002e-07,289.4199960231781,294.99251099897344,295.24690168163403,-0.00045
206,0.000889512,0.000879192,1.0177902400000001e-07,1.0175838400000001e-07,291.0251352787018,294.9875691221949,295.2438230141742,-0.000448
207,0.000889584,0.000879192,1.0177916800000001e-07,1.0175838400000001e-07,292.6515386104584,294.9875691221949,295.2456106285577,-0.0004554
208,0.000889605,0.000878364,1.0177921000000001e-07,1.0175672800000001e-07,294.251101732254,294.9670067109092,295.2461320155542,-0.0004629
209,0.000889314,0.000878825,1.01778628e-07,1.0175765e-07,295.8895332813263,294.9784551524249,295.23890706006097,-0.0004529
210,0.000889418,0.000878616,1.0177883600000001e-07,1.0175723200000001e-07,297.5019612312317,294.97326487542716,295.2414891800353,-0.0004756
211,0.000889355,0.000878239,1.0177871000000001e-07,1.0175647800000001e-07,299.1105926036835,294.96390244986486,295.2399250119081,-0.0004783
212,0.000889272,0.000878176,1.01778544e-07,1.0175635200000001e-07,300.73734998703003,294.96233789908877,295.23786427917065,-0.0004907
213,0.000889189,0.000877809,1.01778378e-07,1.01755618e-07,302.35042905807495,294.95322372720227,295.23580354268165,-0.0005131
214,0.000888887,0.000877977,1.0177777400000001e-07,1.01755954e-07,304.0130305290222,294.9573958912391,295.2283054095803,-0.0005175
215,0.000888148,0.000877295,1.0177629600000001e-07,1.0175459000000001e-07,305.6354215145111,294.9404587970207,295.20995711947324,0.1610982
216,0.00088642,0.000879475,1.0177284000000001e-07,1.0175895000000002e-07,307.2499010562897,294.9945970108668,295.16705224446514,0.1734586
217,0.000885317,0.000880502,1.0177063400000001e-07,1.0176100400000001e-07,308.8843185901642,295.020100680192,295.139664776414,0.1788356
218,0.00088462,0.000882294,1.0176924000000001e-07,1.0176458800000001e-07,310.5423879623413,295.0646003568405,295.122357939209,0.181883
219,0.000884463,0.000884201,1.01768926e-07,1.0176840200000002e-07,312.1880202293396,295.11195384542873,295.1184595190656,0.1838056
220,0.000884037,0.000885375,1.01768074e-07,1.0177075000000001e-07,313.81620168685913,295.1411049317391,295.1078815727187,0.1851041
221,0.000883808,0.000886811,1.01767616e-07,1.0177362200000001e-07,315.457777261734,295.17676060782634,295.1021952650321,0.1860958
222,0.000883527,0.000888582,1.01767054e-07,1.0177716400000001e-07,317.0992317199707,295.2207327413076,295.0952177044411,0.1868468
223,0.000883527,0.00088942,1.01767054e-07,1.0177884e-07,318.7641143798828,295.24153883613087,295.0952177044411,0.1874926
224,0.000883256,0.000891474,1.0176651200000002e-07,1.01782948e-07,320.41831278800964,295.2925344959622,295.0884884149809,0.1880228
225,0.000883266,0.000892061,1.0176653200000001e-07,1.01784122e-07,322.09256076812744,295.30710780881236,295.088736728954,0.188493
226,0.000883485,0.00089292,1.0176697000000001e-07,1.0178584000000001e-07,323.7570927143097,295.32843366392376,295.0941747913438,0.1888868
227,0.000883371,0.000894157,1.01766742e-07,1.0178831400000001e-07,325.4117467403412,295.35914318118347,295.09134402239204,0.1892618
228,0.000882923,0.000895613,1.0176584600000001e-07,1.01791226e-07,327.0785551071167,295.39528847915517,295.0802195286559,0.1895859
229,0.000882985,0.00089597,1.0176597e-07,1.0179194000000001e-07,328.7418565750122,295.4041508514839,295.0817590856278,0.1898876
230,0.000883079,0.000896819,1.01766158e-07,1.0179363800000002e-07,330.4242513179779,295.4252266337885,295.0840932486674,0.1901803
231,0.000882704,0.000897018,1.0176540800000001e-07,1.01794036e-07,332.0889766216278,295.4301666011793,295.07478139941526,0.1904589
232,0.000883079,0.000897783,1.01766158e-07,1.0179556600000001e-07,333.7397620677948,295.4491567265982,295.0840932486674,0.1907209
233,0.000882663,0.000898453,1.01765326e-07,1.0179690600000001e-07,335.4074490070343,295.4657883384055,295.0737632992656,0.1909572
234,0.00088284,0.000899271,1.0176568e-07,1.0179854200000002e-07,337.07563972473145,295.48609346605986,295.0781585055707,0.1911952
235,0.000882809,0.000899973,1.0176561800000002e-07,1.01799946e-07,338.73904967308044,295.5035188461839,295.0773887249043,0.1914062
236,0.000882704,0.000901,1.0176540800000001e-07,1.0180200000000001e-07,340.40856742858887,295.52901104620446,295.07478139941526,0.1915994
237,0.000882829,0.000901985,1.01765658e-07,1.0180397e-07,342.087037563324,295.5534601796767,295.077885357652,0.191771
238,0.00088311,0.000902435,1.0176622e-07,1.0180487000000001e-07,343.74792075157166,295.5646296578017,295.08486302478764,0.1919544
239,0.00088311,0.000903127,1.0176622e-07,1.01806254e-07,345.42997121810913,295.58180561667143,295.08486302478764,0.1921303
240,0.00088285,0.000903504,1.0176570000000001e-07,1.01807008e-07,347.1081438064575,295.5911629289801,295.07840682180324,0.1922824
241,0.000882954,0.000904269,1.0176590800000001e-07,1.01808538e-07,348.78690552711487,295.6101503393111,295.08098930740283,0.1924145
242,0.000883027,0.000905275,1.01766054e-07,1.0181055e-07,350.50612783432007,295.6351189162188,295.0828020101322,0.1925745
243,0.000883235,0.000905213,1.0176647e-07,1.01810426e-07,352.2267732620239,295.63358011340443,295.0879669554605,0.1927391
244,0.000882954,0.000905611,1.0176590800000001e-07,1.0181122200000002e-07,353.9176654815674,295.64345819803884,295.08098930740283,0.1928938
245,0.000883058,0.00090626,1.0176611600000001e-07,1.0181252e-07,355.62771439552307,295.65956574272354,295.0835717871281,0.1930465
246,0.000883121,0.000906302,1.01766242e-07,1.01812604e-07,357.353346824646,295.66060813365146,295.0851361710275,0.1932039
247,0.000882954,0.000907424,1.0176590800000001e-07,1.0181484800000002e-07,359.0496790409088,295.6884545045396,295.08098930740283,0.1933409
248,0.000882965,0.000907686,1.0176593000000001e-07,1.01815372e-07,360.73992109298706,295.6949568553149,295.08126245457476,0.1935075
249,0.000882746,0.000907728,1.0176549200000001e-07,1.01815456e-07,362.43397545814514,295.6959992133865,295.0758243303294,0.1936371
250,0.000882933,0.000907948,1.0176586600000002e-07,1.0181589600000001e-07,364.14885783195496,295.70145916842245,295.08046784443786,0.1937443
251,0.000882486,0.000908514,1.0176497200000002e-07,1.0181702800000001e-07,365.84919834136963,295.7155060215719,295.06936807594695,0.1938883
252,0.000882632,0.000908985,1.01765264e-07,1.0181797000000002e-07,367.56494998931885,295.72719505330326,295.07299351561943,0.1940131
253,0.000882652,0.00090909,1.01765304e-07,1.0181818000000001e-07,369.2648994922638,295.72980087180093,295.0734901502895,0.1941374
254,0.000882507,0.000908859,1.0176501400000001e-07,1.0181771800000001e-07,370.9779624938965,295.7240680631161,295.06988954400987,0.1942588
255,0.000882496,0.000909394,1.0176499200000001e-07,1.01818788e-07,372.7696509361267,295.737345302651,295.06961639410207,0.1943677
256,0.000882246,0.000909876,1.0176449200000001e-07,1.0181975200000002e-07,374.48999285697937,295.74930709228346,295.0634084239362,0.1944819
257,0.000882194,0.000910002,1.0176438800000002e-07,1.0182000400000001e-07,376.215927362442,295.7524340121057,295.06211716187846,0.1946119
258,0.000882559,0.000910106,1.0176511800000002e-07,1.0182021200000001e-07,377.9471182823181,295.75501495523133,295.0711807972301,0.1947148
259,0.000882236,0.00091063,1.0176447200000002e-07,1.0182126000000001e-07,379.67205476760864,295.76801884752473,295.0631601044238,0.1948308
260,0.000882007,0.000910861,1.0176401400000001e-07,1.0182172200000001e-07,381.4023759365082,295.77375143152796,295.05747357272975,0.1949555
261,0.000882028,0.000911018,1.0176405600000002e-07,1.01822036e-07,383.14375829696655,295.7776475866054,295.0579950462543,0.1950557
262,0.000881778,0.000911511,1.0176355600000001e-07,1.0182302200000001e-07,384.8762686252594,295.78988192183385,295.0517870125657,0.1951741
263,0.000882038,0.000911532,1.01764076e-07,1.01823064e-07,386.6276912689209,295.7904030568799,295.0582433668961,0.195267
264,0.000881674,0.000912181,1.01763348e-07,1.0182436200000002e-07,388.36686301231384,295.80650849190243,295.04920446055837,0.1953684
265,0.000881747,0.000912014,1.0176349400000001e-07,1.0182402800000001e-07,390.10816836357117,295.80236428035874,295.0510172140238,0.1954586
266,0.000881528,0.000912904,1.0176305600000001e-07,1.01825808e-07,391.85811138153076,295.8244500212958,295.04557894494917,0.1955234
267,0.000881861,0.000912506,1.0176372200000001e-07,1.01825012e-07,393.6165268421173,295.81457353029845,295.0538480835126,0.1956043
268,0.000881455,0.000912538,1.0176291000000001e-07,1.0182507600000001e-07,395.36972308158875,295.8153676232466,295.0437661828059,0.1956842
269,0.000881664,0.000913062,1.0176332800000002e-07,1.01826124e-07,397.12277388572693,295.8283708151788,295.0489561379404,0.1957633
270,0.000881216,0.000912831,1.01762432e-07,1.0182566200000002e-07,398.905428647995,295.822638510625,295.0378312289773,0.1958191
271,0.000881466,0.000913963,1.01762932e-07,1.0182792600000001e-07,400.6601474285126,295.8507290040072,295.0440393389305,0.1958984
272,0.000881206,0.000913512,1.0176241200000001e-07,1.01827024e-07,402.43428134918213,295.8395375579726,295.03758290387367,0.1959774
273,0.000881174,0.000913973,1.01762348e-07,1.01827946e-07,404.19392442703247,295.8509771501015,295.03678826317724,0.1960445
274,0.000881226,0.000914099,1.0176245200000001e-07,1.0182819800000002e-07,405.9571192264557,295.85410378617706,295.0380795540268,0.1961006
275,0.000881081,0.000914225,1.0176216200000001e-07,1.0182845000000002e-07,407.731329202652,295.857230413519,295.0344788354988,0.1961621
276,0.000880925,0.000914623,1.0176185000000002e-07,1.0182924600000001e-07,409.5080189704895,295.86710652823143,295.0306049462727,0.1962109
277,0.000880935,0.000914288,1.0176187e-07,1.01828576e-07,411.3015353679657,295.8587937239149,295.03085327290137,0.1962542
278,0.000881237,0.000914057,1.0176247400000001e-07,1.01828114e-07,413.0705142021179,295.85306157512224,295.0383527115184,0.1963019
279,0.000881226,0.000914225,1.0176245200000001e-07,1.0182845000000002e-07,414.8377740383148,295.857230413519,295.0380795540268,0.1963435
280,0.000881237,0.000914644,1.0176247400000001e-07,1.0182928800000002e-07,416.6192076206207,295.867627627341,295.0383527115184,0.1963979
281,0.000881018,0.000914843,1.01762036e-07,1.01829686e-07,418.40127182006836,295.87256564971506,295.0329143818242,0.1964366
282,0.000881133,0.000914979,1.01762266e-07,1.0182995800000001e-07,420.17879819869995,295.8759403660389,295.0357701289729,0.1964665
283,0.000881143,0.000915629,1.01762286e-07,1.01831258e-07,421.9708721637726,295.8920693843584,295.0360184544727,0.1964924
284,0.000881049,0.000915032,1.01762098e-07,1.01830064e-07,423.7503442764282,295.8772555100854,295.0336841926316,0.1965355
285,0.000881216,0.000915231,1.01762432e-07,1.0183046200000001e-07,425.5471532344818,295.8821934899711,295.0378312289773,0.1965629
286,0.000881226,0.000915,1.0176245200000001e-07,1.0183e-07,427.33591771125793,295.8764614610346,295.0380795540268,0.1965814
287,0.000880966,0.000915692,1.01761932e-07,1.0183138400000001e-07,429.13152027130127,295.8936326460804,295.031623085105,0.1966096
288,0.000881185,0.000915566,1.0176237e-07,1.0183113200000001e-07,430.92567110061646,295.8905061204519,295.03706142097934,0.1966387
289,0.000881102,0.000915702,1.0176220400000001e-07,1.01831404e-07,432.721453666687,295.89388078266086,295.0350003195784,0.1966666
290,0.000881143,0.000915409,1.01762286e-07,1.01830818e-07,434.5207197666168,295.8866103580365,295.0360184544727,0.1966956
291,0.000881133,0.000915419,1.01762266e-07,1.01830838e-07,436.32276034355164,295.88685849617445,295.0357701289729,0.1967396
292,0.000880997,0.000915053,1.0176199400000001e-07,1.01830106e-07,438.1564974784851,295.8777766044688,295.03239289678726,0.1967892
293,0.000880873,0.00091586,1.0176174600000001e-07,1.0183172000000001e-07,439.9678637981415,295.89780133332465,295.02931364692944,0.1968206
294,0.000880852,0.000915587,1.01761704e-07,1.01831174e-07,441.77658247947693,295.8910272086635,295.0287921602401,0.196863
295,0.000881122,0.000915168,1.0176224400000002e-07,1.0183033600000001e-07,443.60450530052185,295.8806302122644,295.0354969708604,0.1968913
296,0.000880925,0.000916237,1.0176185000000002e-07,1.0183247400000001e-07,445.4278402328491,295.90715600945674,295.0306049462727,0.1969036
297,0.000880935,0.000916038,1.0176187e-07,1.0183207600000002e-07,447.24221539497375,295.9022181397632,295.03085327290137,0.1969161
298,0.000881185,0.000916059,1.0176237e-07,1.0183211800000001e-07,449.08558416366577,295.90273922251856,295.03706142097934,0.1969658
299,0.000880893,0.000916059,1.01761786e-07,1.0183211800000001e-07,450.906711101532,295.90273922251856,295.0298103006967,0.1969654
300,0.000880748,0.000915744,1.01761496e-07,1.0183148800000002e-07,452.74628591537476,295.89492295569715,295.02620955596655,0.1970119
301,0.000880862,0.000915891,1.0176172400000001e-07,1.0183178200000001e-07,454.5769968032837,295.89857055367787,295.02904048726487,0.1970191
302,0.000880456,0.000915378,1.01760912e-07,1.0183075600000001e-07,456.40987491607666,295.8858411294588,295.018958366444,0.197066
303,0.000880539,0.000915797,1.0176107800000001e-07,1.01831594e-07,458.2595603466034,295.8962380774288,295.0210194969389,0.1970714
304,0.000880831,0.000916426,1.0176166200000001e-07,1.01832852e-07,460.0987505912781,295.9118457248084,295.02827067331157,0.1970987
305,0.000880467,0.000916017,1.0176093400000002e-07,1.0183203400000001e-07,461.9455909729004,295.901697056765,295.0192315285317,0.1971159
306,0.000880696,0.000916153,1.01761392e-07,1.01832306e-07,463.79074716567993,295.90507168521,295.02491825162906,0.1971564
307,0.000880415,0.000916268,1.0176083000000001e-07,1.0183253600000001e-07,465.6324825286865,295.90792522337597,295.0179402162662,0.1971668
308,0.00088029,0.000916426,1.0176058e-07,1.01832852e-07,467.49716329574585,295.9118457248084,295.014836094242,0.1971817
309,0.000880487,0.000915755,1.01760974e-07,1.0183151e-07,469.35004901885986,295.8951959056177,295.01972818670475,0.197207
310,0.000880571,0.000915954,1.01761142e-07,1.0183190800000002e-07,471.23217821121216,295.90013380631393,295.02181414866146,0.1972247
311,0.000880394,0.000916384,1.01760788e-07,1.01832768e-07,473.0836193561554,295.91080356754094,295.0174187243587,0.1972291
312,0.00088081,0.000916949,1.0176162e-07,1.0183389800000001e-07,474.93568778038025,295.9248229827608,295.02774918614375,0.1972444
313,0.000880498,0.000916247,1.01760996e-07,1.0183249400000001e-07,476.82125329971313,295.9074041430369,295.02000134860725,0.1972571
